baseMean	log2FoldChange	lfcSE	stat	pvalue	padj	gene
73362.16718696181	3.003934731451213	0.1623326025019956	18.50481471467991	1.888271100483151e-76	4.324140820106416e-74	ENSG00000159140
102037.38161187505	3.776065809999348	0.22968993588170492	16.43984006310185	9.918032838803797e-61	1.1356147600430348e-58	ENSG00000197381
21827.944688307914	3.1729625411300577	0.21639001939944835	14.663164918308366	1.1097710535765647e-48	8.471252375634443e-47	ENSG00000154734
5867.245695226647	2.7924669108859117	0.19732051179739962	14.151934258882822	1.816901635848835e-45	1.040176186523458e-43	ENSG00000142168
42689.038788377205	2.72694201652537	0.19325580466077222	14.11053096858878	3.271057929838545e-45	1.4981445318660536e-43	ENSG00000142185
20689.578508390026	3.138933338689676	0.23071659644862513	13.605147557681828	3.732144166064371e-42	1.424435023381235e-40	ENSG00000154727
3914.543418984513	-0.6672481513736104	0.20855678844063777	-3.1993595430892987	0.0013773328186257332	0.0450584593521847	ENSG00000154639
