gene	baseMean	log2FoldChange	lfcSE	stat	pvalue	padj
ENSG00000142192	52216.878883107616	3.216007302291526	0.1396543642402669	23.02833369932199	2.42537410870615e-117	5.554106708937084e-115
ENSG00000142168	5866.508349755448	2.9788352853709372	0.17305414531200058	17.213313671281167	2.110048454514517e-66	2.416005480419122e-64
ENSG00000285815	1033.713219857395	0.8742002020880792	0.24313268093311374	3.5955684720499312	3.236839748124924e-4	0.024707876744020252
