baseMean	log2FoldChange	lfcSE	stat	pvalue	padj	gene
14253.133871355196	3.149390706068659	0.1647088018455765	19.120961786980786	1.6896297974149939e-81	3.869252236080336e-79	ENSG00000154727
52681.02190767728	2.9239149968758484	0.16266252192103928	17.9753452875592	3.039654393836919e-72	3.480404280943272e-70	ENSG00000160255
14576.931389489728	2.6007056267063886	0.14895350152122058	17.45984887999347	2.897000103454142e-68	2.2113767456366617e-66	ENSG00000141959
7328.888417728257	3.2384065845541374	0.20826024570214366	15.549806798872917	1.5958650131514096e-54	9.13632720029182e-53	ENSG00000142168
12389.730406294311	2.768505445313915	0.20914762832979103	13.237087445947234	5.35869205031129e-40	2.4542809590425707e-38	ENSG00000159128
17647.945922512452	2.9580410230422975	0.22564404384013897	13.109324636718387	2.9117978619054413e-39	1.1113361839605767e-37	ENSG00000154639
626.8905920029914	1.1265418826572255	0.34744442507218165	3.2423656889103523	0.0011854180846932378	0.03878010591353592	ENSG00000188694
